Label,Value
Contingency,4933037.68475217
Aux_cost,10278440.1734437
BM,27405764.9152898
